,Company,Job,Job Description,URL
0,Analog Devices,"Principal Account Manager, Field Sales","To drive the sales goal set by agreed upon with Sr. Manager for the namely assigned customers.To meet the service objectives dealing with all sales and service issues from a customer satisfaction perspective.Develop long-term account strategies based on customer eco-system analysis and business engagement. Also ensure execution the 5YR growth plan through Account review events.Relationship Management, understands the customer profile (structure, organization, decision flow analysis, strategy, finance, etc).Secures through regular visits and Teams meetings the maintenance of appropriate and professional relationships with the relevant customer's departments and peoples and gets early visibility of new projects and business opportunities.Maintains professional attitude and conduct at all the times.Collaborates with the relevant team and Management layer in ADI Business Unit, to penetrate the system level solutions based on customer challenges.Opportunities pipelines review all business relevant aspects on a regular basis.Negotiates on all contractual issues and RFQ with the customer.",https://www.linkedin.com/jobs/search/?currentJobId=3457365395&geoId=91000004&keywords=Account%20manager&location=APJ&refresh=true
1,Clariant,"Regional Account Manager, Consumer Care","Cultivate new customers and strengthen existing customer relationships to drive sales and profitability with existing and new products.Build strong working knowledge of competitive spaces and product positioning.Proactively remain connected to clients and market trends to access new search opportunities and ensure all viable clients are engaged on a regular and effective basis.Implement strategic initiatives to successfully grow business with assigned accounts.Lead price negotiations with customers and manage profitability to achieve financial targets.Lead cross functional meetings and collaborate with internal teams to achieve fundamental goals and objectives.Act as the primary point of contact for respective customers.Provide clients with detailed proposals, workshops, and product consultations.Create and manage new opportunities within Customer Relationship Management (CRM) system.Manage customer projects and share information on a timely basis with internal stakeholders.",https://www.linkedin.com/jobs/search/?currentJobId=3497279625&geoId=91000004&keywords=Account%20manager&location=APJ&refresh=true
2,EXPRESS,Full-Time Sales Lead,"The Sales Leader drives operations on the sales floor and in the stockroom, while assisting in training associates and delivering a great in-store shopping experiences for customers.Provide in the moment coaching/training to store associates to ensure efficient and effective floor operations, customer service, coverage, stockroom management and execution of standards.Partner with Store Management to provide feedback on associate performance.Assist in training associates on store operations, product, policy, and procedures.Execute all aspects of daily store operations.Ensure appropriate associate coverage to create a great customer experience.Oversee and authorize the checkout experience.Assist with merchandise flow, such as shipment, replenishment, omni-channel operations, in the store.Monitor and analyzes the customer service provided by team members.Build an effective schedule with the right associate in the right place at the right time.",https://www.linkedin.com/jobs/search/?currentJobId=3515400323&geoId=103644278&keywords=Account%20manager&location=United%20States&refresh=true
3,Eaton,Global Account Manager,"Develop a trust-based relationship with key global and regional stakeholders (Commercial, product, marketing, procurement & strategy) to ensure a clear understanding of customer needs and priorities.Gain in-depth understanding of the DCS global initiatives such as BCC manufacture, global procurement, purchasing platforms.Develop, adapt and execute a tailored strategic growth plan for each account, communicate to internal and external stakeholders to ensure alignment.Develop opportunities on existing products to gain measurable market share as well as assess and bring new Eaton products into the business offering.Update and manage global price files and discount structure. Communicating to all internal and external stakeholders.Chair and coordinate monthly and quarterly business review calls to ensure relationship is on track and key trends and potential growth targets identified.Key Account growth targets achieved or exceededAccurate input in to budgeting and strategic growth plans process for key accounts.Measure and create strategy for 3rd party / channel partners supplying DCS accounts.Key project tracking within DCS and Eaton to ensure our strategical approach is coordinated and all key projects have Eaton coverage.Undertake competitor tracking within DCS to ensure visibility of market share and corresponding actions are taken, feedback to internal stakeholders.Managing and attending annual exhibitor events to promote Eaton solutions.Ensuring that all ethical, Health and safety policies are followed and promoted within the https://www.linkedin.com/redir/general-malware-page?url=business%2eTo perform domestic sales function, this person needs to manage Japan exsiting customers and develop new opportunities.",https://www.linkedin.com/jobs/search/?currentJobId=3445109306&geoId=91000004&keywords=Account%20manager&location=APJ&refresh=true
4,Reckitt,Account Manager,"Achieve the goal of Sales target and KPIs for the responsible customers.Develop win-win strategies for each customer based on the customer needs, brand strategies, and consumer needs, and build partnership with customers.Contribute to the company PL by effective management of resources including trade incentives.Maximize the access of consumer to the company's priority products, MSL (Must Sell Stock lines).Provide market feedback to the Sales Manager regarding movement of goods / brands.Handle and respond to existing products queries from clients quickly, effectively and accurately.Provide customers with the appropriate selection, sampling of products in response of their inquiries and provide quotations accordingly.Build and maintain effective customer relationships in order to build strong loyalty.Ensure payment of receivables in a timely and diplomatic fashion.Agreeing sales, prices, contracts and payments.Advising customers about delivery schedules and after-sales service .",https://www.linkedin.com/jobs/search/?currentJobId=3452046658&geoId=91000004&keywords=Account%20manager&location=APJ&refresh=true&start=25
5,Synventive Molding Solutions,Account Manager,"Successfully achieve the annual sales target assigned.Selling Synventive products to new and existing customers.Communicate customer expectations and needs to the internal organization.Forecast upcoming sales.Collection the payment from customers.Provide customer and competitor market information.Promote teamwork between Sales, Service, and Operations through professional communication.Daily visit report and other tasks assigned by Managing Director.",https://www.linkedin.com/jobs/search/?currentJobId=3529849474&geoId=91000004&keywords=Account%20manager&location=APJ&refresh=true
6,American Airlines,Senior Accountant,"This job is a member of the Accounting Team within the Finance DivisionOverview of accounting functions: Fixed Assets, Aircraft, Inventory, Fuel, Debt, Frequent Flyer Accounting, Stock Compensation and Administration, Investments and Cash, Benefits, Intangible Assets, Hyperion Administration, Foreign Exchange, Intercompany, G/L maintenance, Financial Statement Consolidation, SEC and other external reporting.Responsible for performing the day-to-day functions for the corporate accounting and/or financial reporting processes of the Company. Additionally, this role is responsible for preparing and analyzing certain account reconciliations in connection with the Company's monthly close process and completing other various projects as determined on an ad hoc basis. This position works closely with the corporate divisions to ensure accounting issues are appropriately identified, analyzed, documented in technical position memos and reported in external reports and internal presentations.Through research and follow up, ensures that reconciling items and discrepancies in accounting data are resolved in a timely mannerPrepares, peer-review, and provides documents (e.g. reconciliations, supporting schedules, and process maps) by requested deadlines to the Company's external auditors and the SOX group to ensure timely completion of quarterly reviews, the annual financial statement audit and SOX compliance test workReviews process maps and performs internal controls to ensure SOX compliancePrepares internal/external financial statements and disclosures for SEC filings. Documents and reviews support for SEC filings for accuracy. Prepare benefit plan financial statementsParticipates in the design, development, testing, implementation and documentation of accounting systems and related interfaces. Recommends and implements system modifications to improve internal control, increase efficiency or reduce costs. Identifies, documents, and escalates system issues to the IT departmentAssists with researching, documenting and implementing conclusions regarding technical accounting treatment for non-routine transactions and new accounting pronouncements for areas of responsibilityAssists in providing guidance on accounting issues to business groups of the CompanyAssists in providing new team members with appropriate training on business processes and system applications for assigned areas of responsibility.Assist in providing direction to team membersEvaluates the effectiveness and efficiency of business processes, procedures and accounting assumptions on an ongoing basis. Recommends and assists in process improvements to improve the control environment and increase the utilization of resources (people, technology, funds)Develops and maintains documentation for business and system processes for assigned responsibilitiesRepresents the department in meetings and through written and verbal communication with internal and external customersPerforms a variety of other functions/ad-hoc projects as assigned to aid in the department's/company's achievement of goals and business objectives.",https://www.linkedin.com/jobs/search/?currentJobId=3528069128&geoId=103644278&keywords=financial%20controller&location=United%20States&refresh=true&start=25
7,Arcadis,Cost Manager,"Arcadis is seeking a Cost Manager with a focus on capital projects to join our Project and Program Management team in our Places Business Area in Columbus, OH.As a Cost Manager, you will assist with Capital Project Controls (estimating, cost management, planning/scheduling, risk management, change management) during the design and construction phases of large data center projects.Providing support to the Project Controls Lead (PCL) and project team throughout the project lifecycle.Supporting production of project level reports for PCL including detailed analysis of project cost and changes.Maintaining and controlling budgets from design concept through to project completion.Assisting with change management and control of total project costs (general contractors, direct suppliers, and professional appointments).Analyzing projects to ensure that project funding is adequate by performing estimates, cost forecasts, cost trends, and accrual of actual costs.Developing cost estimates for civil, structural, architectural, plumbing, HVAC, and electrical disciplines.Preparing material, labor, and equipment cost estimates for concept designs, design development documents, bid documents, and change ordersEstimating and negotiating potential change orders.Completing cost validation and quantity surveying on an as needed basis.Monitoring and audit compliance.Reconciling program and project controls data with the client’s fiscal and financial controls systems.Presenting results of cost analyses to senior staff and clients.",https://www.linkedin.com/jobs/search/?currentJobId=3528025490&geoId=103644278&keywords=financial%20manager&location=United%20States&refresh=true
8,CooperVision,General Accounting Manager,"Responsible for various monthly and quarterly closing and the financial reporting to Corporate for the Americas entities.Responsible for overseeing monthly close processes which may include Accounts Receivable, Account Payable, Cost Accounting, Revenue, Rebates, Intercompany, Fixed Assets, Capital expenditures and Leases.Periodic presentation of the Financial Statements to the Finance Leadership team.Lead certain account reconciliation review meetings with local Finance Management.Provide technical and financial accounting advice and guidance to the Finance leadership team and other segments of the business.Responsible for ensuring compliance with Internal Controls and the timely remediation of any control deficiencies. Maintains accounting controls by preparing and recommending policies and procedures.Owner of various SOX processes and procedures within the general accounting department.Key contact for corporate accounting, consolidations, external auditors and internal auditors.Review and approve journal entry transactions and account reconciliations.Compile, review and sign off on required submissions as applicable - monthly and quarterly Sox Checklist, RDB and other required deliverables.Review and approve monthly accounting close process including analytical review of the monthly operating results to ensure accurate accounting records are maintained.Evaluate the General Accounting processes and strive for continual improvement, efficiencies, and effectiveness.Lead indirect taxes within the organization.Organize, select, and review account reconciliations for the Americas entities on a monthly basis.","Responsible for aspects of North America accounting and financial reporting requirements to Corporate. The accounting manager will prepare and/or review ledger entries and reconciliations; maintain aspects of the general ledger; contribute to the preparation of monthly, quarterly and annual financial statements, with regulatory reporting (Tax), reporting for SEC filings purposes as applicable; research accounting issues for compliance with generally accepted accounting principles (GAAP); coordinate, hire, train and supervise an accounting staff."
9,GHB,Finance Manager,"Management and Supervision of the finance team which comprising purchase and Sales Ledger and Administration clerk.Monitor the day-to-day financial operations within the company, such as invoicing, transactions, and links to the payroll team.Oversee the monthly payroll process and act as the link between Production Admin and the Payroll department.Key account reconciliations with particular focus on trade debtor and creditor management.Business Partnering with the Systems Accountant to promote 2-way information sharing andSeek out methods for minimising financial risk to the company and implement and test the accounting controls and procedures.Stay up to date with technological advances and accounting software to be used for financial purposes and assist with the continuing improvement of the IT systems including the accounts package.Prepare of quarterly VAT returns, staying current with relevant VAT rules and legislation.Contribute towards the maintenance and enhancement of financial policies and procedures for the company.Maintain the fixed asset registers.Oversee BACS payment runs and manage any ad hoc payments.",https://www.linkedin.com/jobs/search/?currentJobId=3523435220&geoId=103644278&keywords=financial%20manager&location=United%20States&refresh=true&start=25
10,Jobot,Controller,"The Senior Controller is responsible for maintaining the General Ledger and Financial Reports, closing the books on a monthly basis and performing account analysis.Provide information and reports to Management in a timely and accurate manner.Ensure compliance with Corporate policies and procedures.Responsible for the production of management reports, financial statements and other financial information.Review financial and statistical reports and balance sheets reconciliation ensuring completeness and accuracy.Review all monthly journal entries.Hire and supervise the Accounting Controllers and Managers.Responsible for ensuring compliance with all regulations and minimum internal control standards.",https://www.linkedin.com/jobs/search/?currentJobId=3523913930&geoId=103644278&keywords=financial%20controller&location=United%20States&refresh=true
11,NPAworldwide,Financial Accountant,"Major Bank is seeking a Financial Accountant to join the ABUS Lending team (Controllers Group) that focuses on the accounting and reporting of commercial loans for Asset Based Lending, Global Receivables Trade, Distribution Finance, and Commercial Auto businesses that are recorded in LUCAS, Choice, and AIMS system of records. The role interacts with loan servicing teams, operations accounting teams, relationship managers, the Credit Resolution group, and several other functional groups.Provide consultation to more experienced leadership for financial accounting related matters.Perform complex activities associated with maintaining ledger accounts, developing financial statements and regulatory reports.Review data from the general ledger, unit reports and various financial systems to ensure accuracy.Prepare and review account reconciliations, journal entries, financial reports, trial balances and certifications.Analyze projects relating to financial accounting procedures, methods, or systems.Perform ongoing financial control functions in accordance with internal controls policies.Provide functional advice and training to individuals.Provide support for compliance and risk management requirements.Collaborate and consult with stakeholders throughout the enterprise.",https://www.linkedin.com/jobs/search/?currentJobId=3528063651&geoId=103644278&keywords=financial%20controller&location=United%20States&refresh=true&start=25
12,Northwell Health,"Manager, Financial Operations","Manages, plans, organizes and evaluates the staff and activities of the Finance department. Oversees the day-to-day general accounting and financial activities.Provides leadership to Financial Operations team members and supervisors by communicating and guiding toward achieving department objectives.Develops, communicates, and builds consensus for goals in alignment with the health system.Manages and monitors day-to-day Finance operations, including but not limited to, financial reporting, budget, accounting records, grant operations, general ledger, taxes, data reporting, and quality control and ensures compliance with regulatory requirements.Evaluates and implements policies, procedures, techniques and protocols.Investigates technical problems and initiates corrective action.Ensures records are prepared and updated according to established policies and procedures.Prepares various financial and account analysis including general ledger accounts.Selects, develops, manages and evaluates direct reports; ensures performance appraisals are completed in a timely manner.Manages resources including operating budget, supplies, equipment, space, staff and information; recommends, implements and evaluates the approved operating budget.Maintains records and reports on performance, and recommends corrective action or justifies variances.Builds and maintains productive intra-departmental work relationships to optimize operations.Performs related duties as required. All responsibilities noted here are considered essential functions of the job under the Americans with Disabilities Act. Duties not mentioned here, but considered related are not essential functions.",https://www.linkedin.com/jobs/search/?currentJobId=3531394849&geoId=103644278&keywords=financial%20manager&location=United%20States&refresh=true
13,PulteGroup,Senior Accountant,Prepares monthly journal entries.Assists with the preparation of monthly financial reports and cash flow projections.Verifies accuracy of journal entries and accounting classifications within the financial statements.Coordinates accounting matters with other departments within the division.Coordinates work efforts with National Shared Services.Prepares supporting documentation for the Division's SOX binders.,"Primary responsibility for preparing journal entries, various accounting reports and reconciliations in key financial statement categories."
14,"Spindrift Beverage Co, Inc.",Accounting Manager,"The Accounting Manager is expected to be familiar with generally accepted accounting principles (US-GAAP). The Accounting Manager must have the ability to apply accounting principles across multiple reporting systems to understand how processes and data can be captured and analyzed. They will work closely with the Assistant Controller in a fast-growing company to ensure the quality and integrity of financial reporting.Oversees all operational accounting processes including Accounts Payable, Accounts Receivable, Inventory and Fixed Assets. Review process execution to ensure it aligns with accounting policy and complies with US GAAP.Assist with the monthly close process in partnership with the Assistant Controller.Overall responsibility for balance sheet account reconciliation including bank accounts. Maintain prepaid accounts scheduling as needed.Oversee trade spend by approving month end accruals, ensuring that the trade system ERP is in alignment with our general ledger ERP, etc.Vet, verify, and set up new vendorsSupport the Controller and Assistant Controller during annual external financial audit and bank field exam process, coordinating with external auditors on testing & procedures.Continuously develop, support and improve systems, policies and procedures necessary to drive efficiency and meaningful financial data in a high-growth business environment.Staffing responsibilities include planning, assigning, and directing work; assessing and providing regular employee feedback to team members throughout the department. Supervise staff.",https://www.linkedin.com/jobs/search/?currentJobId=3529448341&geoId=103644278&keywords=financial%20controller&location=United%20States&refresh=true&start=25
15,U.S. Bank,Assistant Controller,"The Assistant Controller supports the Corporate Controller in managing the accounting operations and financial reporting of the Company through functional, technical, and process leadership across complex or ambiguous activities involving accounting and financial reporting. This entails overseeing the Company’s corporate accounting, internal and external regulatory financial reporting, while liaising with groups managing firm-wide internal control programs supporting enterprise risk management, including data management. Responsibilities include external and internal accounting and financial reporting direction, regulatory and audit facilitation, business line consultation with respect to financial reporting including internal control over financial reporting, specifically addressing data management and operational business processes.Synchronize internal and external financial reporting, maintaining consistency in reporting.Synthesize regulatory change impact assessments to recommend actions and alternatives.Evaluate the impact of business change through product, process or control change(s) to recommend actions and alternatives.Bridge issue identification and resolution.Maintain a documented system of accounting policies and procedures.Support the coordination of the external audit firm’s activities.Facilitate regulatory and internal audit activities.Coordinate with the accounting policy and accounting operations across the organization.Complete self-assessments of business processes for the purpose of determining whether design and performance meets objectives and is consistent with expected standards.Consults with business partners on process changes ensuring that design achieves expected standards.Performs other duties as needed.",https://www.linkedin.com/jobs/search/?currentJobId=3527822724&geoId=103644278&keywords=financial%20manager&location=United%20States&refresh=true
16,Amazon,HR Business Partner,"Handles daily inquiries from associates and managers either remotely or directly.Supports managers and associates to be able to contribute to the organization for a long time by implementing programs and improving existing processes.Identifies real problems and provides the right solution with speed and flexibility while considering complianceDiscovers organizational issues with data and makes data-driven recommendations to business leadersPrepare and facilitate HR related meetings with business leadersCollaborate with other teams within HR and promote and deploy key initiativesAddress the ambiguous and fast-paced issues that arise each time as a strategic and hands-on HR partnerCreate a positive working environment that is comfortable to work in through collaboration with a wide range of stakeholders, including legal, employee relations, finance, and internal and external stakeholders, as well as business teams and other HR teams.",https://www.linkedin.com/jobs/search/?currentJobId=3510040983&geoId=91000004&keywords=HR&location=APJ&refresh=true&start=50
17,HP,HR Business Partner,Establishes and maintains relationships with key business or functional leaders. Uses deep business or function knowledge to execute a wide spectrum of HR global programs.Engages in strategic business planning where there is HR impact in order to ensure successful implementation and regular tracking of HR programs and processes.Communicates and guides the implementation of global HR programs and works to ensure alignment of the programs with priorities and goals of the business or function.Delivers HR programs within the business or function. Conducts the quantitative and qualitative analyses of financial and workforce data to support these activities.Represents the needs of the business or function on an ongoing basis to maintain consistent plans between HR and the business or function.Partners with HR leaders on priority projects that support organization- wide transformation initiatives.Escalates complex issues to HR management.,https://www.linkedin.com/jobs/search/?currentJobId=3520730422&geoId=91000004&keywords=HR&location=APJ&refresh=true
18,Mastercard,"Manager, People Business Partner","Responsible for the management and delivery of core People and Capability (P&C) programs, including talent and performance management, learning, year-end compensation planning, and workforce planning.Coach managers and employees on development, employee relations and reward issues.Partner with management to ensure a successful performance management process and a successful change management delivery.Serves as subject matter expert on the local labor market and regulatory environment.Oversee the delivery of HR projects and programs and monitors progress against timelines and budgets.Deliver communication for talent planning, compensation planning and change-management processes.Responsible for planning and implementing leadership development, performance management, rewards and change management initiatives.Participate in the day-to-day delivery of local HR projects and serves as the first point of contact for all regional HR inquiries related to the supported business units.Shares local intelligence and provides a “field perspective” on the effectiveness of programs and initiatives.Oversee data collection and reporting to apply quantitative and qualitative data to HR process improvement and development.",https://www.linkedin.com/jobs/search/?currentJobId=3517140227&geoId=91000004&keywords=HR&location=APJ&refresh=true&start=50
19,Prada Group,HR L&D Specialist,"Manages the relation with HQ L&D and Retail Stores to collect, evaluate and prepare a shared calendar of the learning programs for Stores and Head Office based on global and local projects.Manage the training team of the Region/Country with an accurate project mgmt. approach, sharing calendars, timing, programs, evaluation, etc.Assesses both organizational and individual learning and development needs for proposing and preparing L&D programs, activities and material.Creates, designs, and executes learning strategies and programs both in-house and with expert third parties.Collaborates with internal Department to guarantee consistency in covering needs and relative learning projects.Deliver trainings including on-boarding, managerial, behavioral, and technical contents for all professional families of the Country, Stores and Others.Evaluates the effectiveness of L&D programs through KPIs.Manages budget and costs.Coordinates and monitors different stages of the Annual Performance Management Program .Prepares and delivers specific developmental initiatives to support internal growths, career paths according to the Performance Management results.Assesses the success of development plans and help employees make the most of learning opportunities.Works effectively with LMS Digital Platform.",https://www.linkedin.com/jobs/search/?currentJobId=3528387857&geoId=91000004&keywords=HR&location=APJ&refresh=true&start=25
20,ServiceNow,People Partner Manager,"Coach managers through performance management situations and provide guidance on best practices.Partner with HR Business Partners to assist with driving and executing initiatives aligned to the BU or Regional Strategy.Act as an organizer between the HRBPs and global COEs (centers of excellence) to ensure that HR programs are aligned with internal client needs.Provide HR policy, process and/or program advice and coaching to employees and managers, when appropriate.Deliver on specific projects as determined in the annual HR operational plan and coordinate across the global HRBP team to deliver business and HR initiatives such as organization reviews; performance management process; compensation planning cycle; talent review and succession planning processes; and workforce restructurings, when applicable.Complete ad-hoc projects, reporting and tasks as required with cross-functional HR / Partner teams, working on or leading projects/programs.Partner with Employee Relations and Global Employment Law group to drive consistent performance management and design initiatives.Partner with COEs and Ops to assist in delivering HR programs and policies in functionally and regionally relevant ways.Assist in driving communication and sharing of best practices across the People Partner team to facilitate continuous improvement.Looking at greater process improvements with current Global People processes in place i.e. extensions of building out living documentation related to Global People philosophies for sustainability/scale purposes.Act as a culture champion, regionally and functionally, working with leaders to drive high-levels of engagement.Be an expert in local legislation and policy interpretation, partnering with Employee Relations to ensure compliance.Collaborate with HRBPs to execute on strategic workforce planning,Calibration and succession planning.Organization design, change management, and culture,Leadership and team development,Relevant workforce trends which will impact the BU",https://www.linkedin.com/jobs/search/?currentJobId=3528162537&geoId=91000004&keywords=HR&location=APJ&refresh=true&start=25
21,"Bob Evans Restaurants, LLC ",General Manager,"The position of General Manager is a fast-paced role that manages the daily operations and staff of the restaurant, including the execution of all Company policies, procedures, programs, and systems. The General Manager provides leadership, direction, training, and development to all direct reports. This role also contributes to the success of the restaurant by building sales, hitting goals, as well as driving restaurant profitability. Decisions are guided by established policies/procedures and the Director of Operations.Management responsibilities in accordance with the Company's policies and applicable laws.Responsibilities include recruiting, interviewing, hiring, and training employees; planning, assigning, and directing work; appraising performance; rewarding and disciplining employees including termination of employees; addressing complaints and resolving problems.Shapes culture of restaurant and works diligently to ensure a high level of employee engagement in the restaurant.Coach and mentor team members to ensure employee's success on the job and guest satisfaction.Model professional behavior while creating a warm, friendly, and hospitable atmosphere that encourages people to do their BEST.Communicate sales performance and anticipated variances to the restaurant management team. Cascade corporate programs and initiatives to the management team and staff.Occasionally assist team members with category job duties as needed.Champion sales building activities and suggestive selling.Maximize table turnover, sales per guest, and sales per hour.Meet and greet guests; investigate and resolve food quality/service issues and satisfying the guest 100%.Maintain efficient operations, appropriate cost controls, and profit management.Ensure OSHA, local health and safety codes, and company safety and security policies are met.Enforce safe work behaviors to maintain a safe environment for both guests and crew members.Monitor daily activities to ensure quality food and cleanliness standards.Control day-to-day operations - following cash control/security procedures, maintaining inventory, managing food and labor, reviewing financial reports and schedules, and taking appropriate actions.P&L management - Manage food cost, labor cost, carryout cost and other controllable items.Control food costs by following recipes and portion control; as well as being responsible for weekly inventory process.Manage labor costs by optimizing weekly schedules of employees, managers and key supervisors and monitoring daily schedules and sales performance through effective use of the company's labor scheduling tool.Ensure proper use of restaurant equipment.Responsible for maintaining facility and all company assets.All other duties as assigned.",https://www.linkedin.com/jobs/search/?currentJobId=3525647334&distance=25&geoId=103644278&keywords=restaurant%20manager&start=25
22,Carrols Corporation,Restaurant General Manager,"Frequent contact, both inside and outside the restaurant, with the general public, business, and various community organizations in order to develop and improve the restaurant's public relations.Communicate with outside purveyors concerning the delivery of quality supplies and repairs to restaurant equipment.Occasional communication with Home Office personnel concerning public policy and procedures relevant to the restaurant's operation.Maintain staffing levels (hiring employees and/or scheduling work hours) through effective planning, which will assure the efficient operation of the restaurant in accordance with company policy and the respective state and federal labor laws.Supervise subordinate staff to assure that customers are treated promptly and courteously; products are of specified quality and quantity; equipment is maintained properly; sanitation standards are complied with, and the restaurant is maintained in a neat and attractive manner.Utilize all company training tools to provide crew employees with on-the-job training in all aspects of restaurant operation.Implement and execute appropriate restaurant level financial controls (petty cash, profit and loss statements, daily deposits, WebCEMS, payroll, NOI reports, budget book, EOD reports, etc.) to assure proper accountability of company funds.Implement appropriate restaurant level financial controls to assure that supplies are ordered as needed; materials received are of good quality and in the proper quantity and that proper accountability for supplies is maintained.Receive and resolve customer complaints in a tactful manner in order to maintain customer satisfaction.Appraise performance of subordinates to assure that job performance is appropriately recognized.Prepare projections of future sales and expenses in order to establish realistic yet challenging profit objectives.Exercise sound managerial judgment and decision-making pertaining to all employee relations and personnel actions (i.e., timely performance evaluations, grievance handling, disciplinary actions, employee counseling, etc.) in order to develop attitudes of cooperation, enthusiasm and professionalism.Complete, approve, submit and maintain files on all internal records and reports as required by law and company policy.Train and develop the capabilities of Assistant Managers and Manager Trainees in the areas of management skills and technical knowledge in order to provide for growth.Maintain a safe work environment for all employees and customers.Other duties as assigned.",https://www.linkedin.com/jobs/search/?currentJobId=3522480923&distance=25&geoId=103644278&keywords=restaurant%20manager&start=150
23,Chili's,Restaurant General Manager,"Lead and direct the work of the Management team including scheduling, assigning responsibilities and setting expectations.Manage performance of the Management team, including performance evaluations, coaching and accountability.Plan and implement weekly, monthly and yearly financial budgets.Oversee all operations to ensure a great Guest experience.Role model and hold Team Members accountable to operational and quality standards.Foster open communication between Team Members and Management team.Influence Team Member behaviors by championing change and restaurant initiatives.Drive business results by utilizing Chili's systems to effectively control costs.Follow operational systems, such as our Manager Timeline and performing quality Line Checks.Hire, train, retain, and develop Team Members to take on larger roles.Drive Guest engagement within the four walls of the restaurant while developing relationships within the community.Understand and practice safe food handling procedures.Communicate and embody Chili's culture and Cultural Beliefs: Every Guest Counts, Food Perfection, Be Accountable and Play Restaurant.",https://www.linkedin.com/jobs/search/?currentJobId=3521401038&distance=25&geoId=103644278&keywords=restaurant
24,Noodles & Company,Restaurant General Manager,"Partner with your management team to lead a high performing team.Run the restaurant with confidence, deliver fast and effective solutions.Lead with integrity and live the culture of Noodles & Company every day.Recognize your team members through positive and respectful leadership for a job well-done.Deliver an uncommonly good guest experience and make them feel like family.Continually review restaurant operations to identify any issues, concerns, and opportunities for improvement.Follow Noodles & Company's operational policy and procedures.Hire, train and retain restaurant team members and shift managers.Assess team member performance, deliver actionable and timely feedback.Keep your restaurant staffed with outstanding Noodlers and facilitate the internal development of your team to foster future leaders.Follow inventory control procedures and guidelines.Own scheduling, expense tracking, labor management, and local restaurant marketing.Lead with a culture of food safety that exceeds company standards in food quality, food safety practices, and cleanliness.",https://www.linkedin.com/jobs/search/?currentJobId=3525618200&distance=25&geoId=103644278&keywords=restaurant%20manager
25,Real Hospitality Group,General Manager,"Provide the Revenue Management Department with information that includes a market analysis of competitors' rates by market segment for weekday and weekend, and a forecast of local market conditions and special events that may impact occupancy and/or rate.Support sales efforts as directed by the Vice President and the Corporate Sales staff.Ensure that sales, front office, and reservation staffs are kept informed of rate structure and know how to implement yield management policies and procedures. Train front desk staff to successfully perform all front office operations, and revenue management and central reservations procedures. Train front desk staff to successfully perform selling techniques and procedures for current promotions.Use assigned franchise revenue management system (i.e. MARSHA, OnQ, Opera, IHOTELIER, MARC) to achieve maximum revenue.Be able to produce the annual budget by forecasting changes in operating expenses and labor cost.Use business forecasts to manage costs by scheduling labor in accordance with staffing guidelines, control other expenses in accordance with business demand levels, and control utility expenses in accordance with energy management and building operations standards.Based on forecasted monthly revenue, adjust controllable expenses to maintain profit margins and achieve planned monthly GOP and NOI (EBIDTA). Explain the causes for budget variances of controllable expenses, take corrective action to avoid future occurrences and adjust spending to eliminate variances.Protect the Company's financial assets by properly administering company policies and procedures for handling cash, credit card, accounts payable, accounts receivable, payroll and all other financial transactions. Also, properly administer company policies and procedures for protecting the safety of guests and associates.Receive satisfactory scores for internal audits and take action to correct any deficiencies.Execute company policies and procedures for purchasing.Train staff to successfully perform guest service procedures in accordance with company standards (e.g., greeting, scripts, pre-assignment of rooms, etc.).Train staff to successfully perform all functions for guest service and for handling upset guest who are dissatisfied with the products and services they received. Directly handle difficult situations involving upset guests. Attempt to resolve all issues of poor guest service before guests leave the property. Directly respond to guest complaint letters and comment cards in accordance with company standards.Manage the 100% guarantee process (if applicable) in accordance with standards and eliminate service issues that result in repeated invocations of the guarantee.Manage the franchise frequent guest program (guest rewards program) in accordance with franchise/company policies and procedures.Receive satisfactory scores from franchise or independent satisfaction surveys, (OSAT, GSS, GEI, SALT, Medallia) and RHG's mystery shopper program, and take action to correct any deficiencies.Recruit, select, train, motivate and manage associates to deliver guest services and quality products that will lead to achieving goals for revenue and profit.Properly administer company policies and procedures for human resources management, payroll administration, personnel transactions, and fair treatment of associates. Conduct wage surveys to provide input to annual budget and to ensure that the hotel is offering competitive wages.When assigned potential management candidates and trainees, train and develop these candidates in accordance with Human Resources programs and guidelines.Provide leadership by conducting business in a professional manner and in accordance with all company policies including standards of conduct, business ethics and conflicts of interest.Receive satisfactory scores for associate satisfaction surveys and take corrective action to correct any deficiencies. Maintain acceptable levels of associate turnover.Ensure a satisfactory guest experience and protect the Company's physical assets by maintaining the physical condition of the hotel in accordance with established quality control standards.Provide input to the annual capital budget (CAPEX), then manage the implementation within company guidelines and fiscal parameters of owner approved plan and budget. All CAPEX plans must consider franchise standard compliance, safety and security for guests and associates, projects providing profitable returns on investment.Manage the preventative maintenance and quick fix programs in accordance with company standards.Receive satisfactory scores for product quality as measured by franchise or independent inspection results and mystery shopper program and take action to correct any deficiencies.",https://www.linkedin.com/jobs/search/?currentJobId=3531448656&distance=25&geoId=103644278&keywords=restaurant%20manager&start=100
26,TableOne Hospitality,General Manager,"The Restaurant General Manager is responsible for coordinating, supervising and directing all aspects of the F&B outlet operation, while maintaining profitable F&B outlets and high-quality products and service levels. They are expected to market ideas to promote business; reduce employee turnover; maintain revenue and payroll budgets; and meet budgeted productivity while keeping quality consistently high.Must be able to effectively communicate both verbally and written, with all level of employees and guests in an attentive, friendly, courteous and service oriented manner.Must be effective at listening to, understanding, and clarifying concerns raised by employees and guests.Must be able to multitask and prioritize departmental functions to meet deadlines.Approach all encounters with guests and employees in an attentive, friendly, courteous and service-oriented manner.Attend all required meetings and trainings.Maintain regular attendance in compliance with TableOne Hospitality standards, which will vary according to the needs of the business.Maintain high standards of personal appearance and grooming.Comply with TableOne Hospitality standards and regulations to encourage safe and efficient restaurant operations.Maximize efforts towards productivity, identify problem areas and assist in implementing solutions.Must be effective in handling problems, including anticipating, preventing, identifying and solving problems as necessary.Must be able to maintain confidentiality of information.Collaborate with all partners to plan and execute initiatives benefitting the success of the restaurant, including but not limited to: culinary, marketing, sales, human resources, accounting, and property partners.Perform other duties as requested by management.",https://www.linkedin.com/jobs/search/?currentJobId=3521440833&distance=25&geoId=103644278&keywords=restaurant%20manager&start=100
27,The Wendy's Company,General Manager,"Lead the restaurant management team to meet sales and budget goals.Monitor tasks performed by employees to ensure compliance with Quality, Service, & Cleanliness programs.Ensure proper training and compliance.Manage food, labor, and paper costs as well as other controllable expenses.Make decisions regarding the hiring and termination of employees.Attend meetings requested by the District Manager or Area Director.Develop restaurant operation skills and grow within the organization.In this role, your primary responsibility will be to supervise, coordinate and delegate tasks and procedures that result in high levels of execution and operational results that meet or exceed Brand standards. Your team will count on you to ensure compliance in the areas of timely open and closes, exceptional customer service, serving the highest-quality food, maintaining restaurant cleanliness and sanitation, monitor and comply with food safety standards, and ensure order accuracy, among others. You will be a leader in creating a productive, clean, safety conscious, and friendly work environment. You will mentor and develop crew members and Team Trainers. You will partner with other Restaurant Management to identify specific opportunities for optimizing efficiencies and maximizing the profitability of the restaurant.Monitor crew members' activities during all service and non-service periods and provide positive recognition and corrections and adjustments to ensure A-level operations.Monitor projections and adjust prep charts to ensure product quality and service.Adjust the crew schedule as needed (e.g., calling or sending home based on labor, performance, and forecast).Empowered to address customer concerns to improve the customer experience and create Brand loyalty.Recommends corrective action related to customer issues or poor performance of crew or subordinate managers.",https://www.linkedin.com/jobs/search/?currentJobId=3524230486&distance=25&geoId=103644278&keywords=restaurant%20manager&start=100
28,Troon,General Manager,"Prepares and monitors annual budget, revenue goals and expenses as well as generating various weekly, monthly, etc.) business volume forecasts.Monitors monthly and other financial reports/statements on a daily, weekly, and monthly basis for the facility and takes effective corrective action when necessary.Establishes basic personnel policy, initiates, and establishes basic personnel policy, initiates and monitors policies relating to personnel actions and training along with professional development programs.Ensures all Human Resources procedures and policies are followed by management staff.Develops, maintains, and administers a sound organizational plan and initiates improvements as necessary.Maintains membership with the PGA and CMAA and other professional associations.Attends workshops and meetings to keep abreast of current information and developments.Oversees the care and maintenance of all the facility’s physical assets and each individual facility.Coordinates marketing programs to promote the facility’s services to potential customers.Ensures the highest standards for food and beverage service on property.Implements policies and procedures for multiple departments, including compliance of all company standards relating to quality of products and services.Responsible for interviewing, hiring, training, planning, assigning, and directing work, evaluating performance, rewarding, and disciplining associates; addressing complaints and resolving problems.Directly manages department members that may include, but is not limited to: Head Professional(s), Golf Course Superintendent(s), Tournament Coordinator, Director, Instruction, etc..Assures that effective orientation and training are given to each new associate.Develops ongoing training programs.Regular and reliable attendance.",https://www.linkedin.com/jobs/search/?currentJobId=3531440021&distance=25&geoId=103644278&keywords=restaurant%20manager
29,Bristol Myers Squibb,"Senior Specialist, Data Science","Develop data science strategy for safety management and implement data science activities to support all stages of drug development, including needs collection/prioritization, data utilization, data analysis, data creating.Lead or support data strategy for post-marketing database studies, including the database selection, analysis plan.Lead or support data strategy and implement data science activities for risk management initiatives and other drug development and regulatory- related activities.Provide strategic advice on data science to R&D, MA and other relevant stakeholders and initiatives.Assess and evaluate the external data sources (healthcare DBs, patient registries, others) and ensure suitable database for specific NIR.Engage & establish partnerships with academia, regional KOLs, regulators, patients, etc.Ensures that the above tasks are performed in the most efficient manner possible commensurate with quality, accuracy, and timeliness and in accordance with current global regulatory requirements and BMS cost effectiveness goals.Establish relationship with Global Data Science Group and Asian countries data science team/colleagues.",https://www.linkedin.com/jobs/search/?currentJobId=3483357919&geoId=101355337&keywords=data%20scientist&location=Japan&refresh=true&start=75
30,Murphy USA,Data Scientist,"The Data Scientist is responsible for supporting data science initiatives that drive business profitability, increased efficiencies and improved customer experience. This role applies industry-leading analytical methodologies for working with large datasets to extract meaningful business insight and creatively solve business problems. Data Scientists are also responsible for ensuring that developed codes are documented into a library of reusable algorithms.As a Data Scientist, you will apply advanced analytics methods and algorithms for identifying trends and providing business solutions. This role is expected to present insights and recommendations to non-technical audiences and explain the benefits and impacts of the recommended solutions. In addition, Data Scientists collaborate with business partners and cross-functional teams, requiring effective communication skills, building relationships, and focus on understanding the overall business area being supported.This role will facilitate the end-to-end development, testing, and monitoring of analytical models across our brands. The Data Scientist will use machine learning and algorithms in an effort to improve data quality and generate insights from the data. The role will be very hands-on and focused in AI/ML model development. This scientist will attend daily standups and work in an Agile environment.",https://www.linkedin.com/jobs/search/?currentJobId=3526759953&geoId=103644278&keywords=data%20scientist&location=United%20States&refresh=true&start=50
31,Stellar IT Solutions,Data Scientist,"Works with data sets and performs appropriate analytical methodology to provide insights anddecision modeling for the business.Creates and implements algorithms which manage the data to enable it to be analyzed in an efficientmanner.Supports the communication of derived insights, especially through appropriate visualizationtechniques.Supports the identification of the required data sources and works with Data Wranglers and/or IT toimplement methodologies to retrieve and use this data.Stays abreast of the latest appropriate analytical techniques and recommends these where needed. Explains implementation and usage in business terms.Applies analytical techniques to prospect for business insights and find patterns in data which couldbe valuable for the business.",https://www.linkedin.com/jobs/search/?currentJobId=3532595200&geoId=103644278&keywords=data%20scientist&location=United%20States&refresh=true&start=25
32,Amazon,Data Scientist,"Creating a roadmap of the most challenging business questions and use data to articulate possible root cause analysis and solutions.Managing and executing entire projects or components of large projects from start to finish including project management, data gathering and manipulation, synthesis and modeling, problem solving, and communication of insights.Partnering with Product, Program and Engineering teams to design and run models, research new algorithms, and prove incrementality and drive growth.Understanding drivers, impacts, and key influences on seller growth dynamics.Developing and scaling end-to-end ML Models and solutions.Automating feedback loops for algorithms in production.Utilizing Amazon systems and tools to effectively work with terabytes of data.",https://www.linkedin.com/jobs/search/?currentJobId=3464939824&geoId=101355337&keywords=data%20scientist&location=Japan&refresh=true
33,Rakuten,Data scientist,"You will be responsible for data analysis, designing KPIs, and developing a monitoring system for Rakuten Mobile and corporate services. Quantitative customer data such as customer profiles and contract details are integrated with extended data such as industry, region, customer characteristics, and purchasing patterns to analyze and predict needs, verify hypotheses, and reflect them in marketing measures. , Operation of marketing automation, analysis and prediction of customer defection, visualization of various data using BI tools, etc. You will be entrusted with general data analysis, which plays an important role not only in the marketing field, but also in various decision-making processes such as sales and business strategies.",https://www.linkedin.com/jobs/search/?currentJobId=3522220414&geoId=101355337&keywords=data%20scientist&location=Japan&refresh=true
34,Actalent,Medical Assistant,"Receive and direct phone calls, schedule appointments, check-in patients, obtain necessary patient information to file and update patient records, and ensure all forms and consents are completed by patients.Check-out patients, assist with referral processing, and arrange laboratory services.Handle billing process.Prepare patients for examination, take vitals, and record patients' health history.Set-up EKG machines, perform routine specimen collection and tests.Prepare equipment and examination rooms, and clean instruments.Assist physician with medical treatments, procedures, and exams.Manage inventory of medical supplies and equip exam rooms with appropriate supplies.",https://www.linkedin.com/jobs/search/?currentJobId=3522600298&geoId=103644278&keywords=medical%20assistant&location=United%20States&refresh=true&start=50
35,Child Crisis Arizona,Medical Assistant,"Interviews patient about current problems, medications, and allergies and reviews medical record for pertinent previous and current information.Participates in patient treatment regimen, including administering medications (under the supervision of a physician or nurse practitioner).Establishes and documents patient treatment regimen under supervision of NP or MD and implements treatment.Measures and records patient vital signs (pulse, blood pressure, pulse and temperature, height and weight.Performs phlebotomy: identifies patient, checks requisition form for requested tests, and prepares equipment, patient and puncture site. (Pediatric experience preferred)Collects specimens for lab tests, performs specialized testing such as vision screening and hearing tests.Maintains adequate inventory of examination room supplies and prepares exam room at the beginning and end of day and between each patient contact.Performs variety of office responsibilities: answers phones and takes messages and performs triage within scope of practice in an accurate and timely manner.Facilitates and assists in the coordination of patient referrals.Organizes and schedules appointments or assists with transporting patients to appointmentsModels Center’s expectation for sensitivity and competency relating to diversity and cultural awareness.",https://www.linkedin.com/jobs/search/?currentJobId=3527817904&geoId=103644278&keywords=medical%20assistant&location=United%20States&refresh=true
36,Fast Pace Health,Medical Assistant,"Greets visitors, staff, and participants promptly in a pleasant, courteous manner. Provides accurate information. Makes prompt efforts to answer questions, to resolve problems within the scope of responsibility, or notify appropriate staff to assist. Promptly notifies Center Manager or Clinic Nurse of all participant, family, and/or vendor concerns, grievances, and complaints.Schedules participant appointments within and outside the PACE center as directed by the clinic staffIn conjunction with other clinic staff and the Health Information Management Specialist, tracks external appointments and receipt of subsequent documentation.Completes or updates daily schedules, maintains flow of paperwork, and routes documents to appropriate departments in a timely manner.Coordinates transportation needs with the Transportation Coordinator as well as contacting participants and/or caregivers to notify them of appointment and transportation times.Completes paperwork and ensures that required records accompany participants scheduled for outside appointmentsMaintains clinic inventory of equipment and supplies to keep levels sufficient to meet needs of the clinic. Orders additional supplies as needed.Communicates with Clinic Nurse throughout the day to coordinate efforts and to meet participant and staff needs. This includes but is not limited to assisting with preparing exam rooms, making/stripping beds, locating and bringing participants to the clinic, and putting away supplies in the clinic to maintain an organized environment.Takes participant vital signs as directed and documents in the Electronic Health Record (EHR). Assists participants in the restroom as needed.Uses personal protective equipment as needed and complies with all infection control policies and proceduresAnswers incoming calls and re-directs as needed.Provides assistance, guidance and direction to participants, families, visitors, guests, and vendors.Receives and distributes mail and other items delivered to the clinic.Conducts self in a professional manner.Performs all other duties as assigned within the scope of his/her practice.Reports to Center Manager.",https://www.linkedin.com/jobs/search/?currentJobId=3522493187&geoId=103644278&keywords=medical%20assistant&location=United%20States&refresh=true&start=25
37,Mary Bridge Children's Hospital,Medical Assistant,"The Medical Assistant is responsible for assisting the provider with back office duties in the outpatient management of patients and completing or assisting with front office duties. This position is a vital part of the office team that cares for patients in the clinic setting working under the direction of a physician. This position works closely with the physicians, other clinical staff, and front office staff. Work situations are a variety of clinical functions within a clinic setting requiring knowledge and integration of available standards, resources, and data; discretion; good judgment; diplomacy; decision making; and a customer service attitude. Acting as the patient advocate the Medical Assistant has continuous contact with physicians, patients, patient families/ significant others, community agencies, and MHS patient care staff and management.",https://www.linkedin.com/jobs/search/?currentJobId=3504119178&geoId=103644278&keywords=medical%20assistant&location=United%20States&refresh=true
38,MultiCare Health System,Medical Assistant,"The Medical Assistant performs direct and indirect patient care in a clinical area, assisting physician with patient care and follow-up. Interviews patients and assist them in preparing for exam or treatment; Takes blood pressure, pulse and weighs patients; Takes other information as directed by physician; Schedules appointments, surgeries and special procedures; Sets up and assist physician with routine and special procedures and exams; Checks, restocks, orders supplies, and cleans equipment for assigned clinic areas; Charts as necessary, file reports and use of computer; Phones in prescriptions and refills to the pharmacy; Maintains a safe and clean environment for patients, coworkers and physicians; Answer phones providing routine information to patients and take messages for the physicians and staff.",https://www.linkedin.com/jobs/search/?currentJobId=3500097482&geoId=103644278&keywords=medical%20assistant&location=United%20States&refresh=true
39,Northwell Health,Medical Assistant,"Collaborates with members of the health care team in coordinating and implementing plans for patient care; may record reason for visit and related patient information for practitioner review.Performs vital signs, height, weight, and screening procedures which may include, but are not limited to, head circumference, audiometry, and vision testing; documents findings in the medical record.Collects and assists providers in collection of specimens, as required, using appropriate protocols such as infection control; completes requisitions, labels and routes specimens according to standard procedure.Performs and documents daily controls and calibration of laboratory equipment when needed; informs the supervisor of when inaccurate controls are noted.Performs electrocardiograms and phlebotomy in accordance with provider orders; adheres to infection control standards including, but not limited to, hand hygiene, use of PPE, isolation of patient with known infectious disease, and equipment disinfection/sterilization.Assists physicians and nurses with special procedures and examinations including, but not limited to lumbar puncture, pelvic exam, etc. following appropriate protocols such as infection control, universal protocol, and patient identification; secures supplies, ensures patient is properly undressed and draped, provides instruments to physicians, holds patient, as required and assists patient after procedure/examination.Maintains orderliness and cleanliness of examination rooms; stocks assigned rooms and cupboards and ensures par levels of supplies are maintained; checks and completes required logs and equipment including refrigerator logs, eyewash logs, sample medications, AED, suction and other required checks.May participate in pre-visit chart preparation by ensuring required lab results and documentation are available in the medical record for practitioner review (for practices using paper medical records).Performs variety of other clerical functions such as filing of paper medical records, processing insurance forms, preparing financial records, photocopying, answering phones, and assuring efficient flow of patients through the suite, etc.Performs related duties as required. All responsibilities noted here are considered essential functions of the job under the Americans with Disabilities Act. Duties not mentioned here, but considered related are not essential functions.",https://www.linkedin.com/jobs/search/?currentJobId=3527885718&geoId=103644278&keywords=medical%20assistant&location=United%20States&refresh=true&start=25
40,"Pinnacle Treatment Centers, Inc.",Medical Assistant,"Perform administrative duties of the front office.Answer phones, filing, and assisting with patient check-in.Collection of fees, preparation, and documentation of banking transactions.Verifying insurance eligibility.Escort patients to the lab and administer a variety of tests including urine and blood tests.Assist counselors and medical staff with the scheduling of patients for their appointments.The desire to work in a fast-paced environment.The ability to communicate clearly to patients and fellow staff members both verbally and in writing.Excellent customer service skills.Ability to multi-task.Knowledge of medical billing and charge entry procedures, medical terminology and basic lab test procedures preferred.",https://www.linkedin.com/jobs/search/?currentJobId=3525655917&geoId=103644278&keywords=medical%20assistant&location=United%20States&refresh=true&start=25
41,"Pyramid Healthcare, Inc",Medical Assistant (Full Time),"Maintains a safe physical environment for clients in the outpatient facility.Maintains therapeutic relationships with all clients and effectively communicates changes in client status or milieu to appropriate member of the treatment team.Receives direction and reports directly to the Nursing staff.Obtains vital signs and urine specimens as directed by the Nurse.Reports any significant changes in medical condition; vital signs, blood sugar results, etc. to the Nurse.Encourages clients to engage actively in their treatment.When necessary, encourages clients to routinely care for their ADL's and to maintain an orderly, clean physical environment.Orients new clients to the program and environment.Conduct all functions of the toxicology screening process including entering data into the lab system, collecting observed urine specimens, preparing specimens for transport to the lab, printing and reviewing toxicology reports, communicating results to the Nurse, Physician, and clinical staff.Faxing documentation to the pharmacy vendor.Observe and dispenses medications.Organizing of paper documentation including faxing and scanning into the electronic medical record charts.Verifying that all documentation for admission and obtained from the assessment team is available on the admission day, including records from inpatient or other providers.Coordination of admission paperwork with nursing team.Maintain unit supply inventory by checking stock, anticipate needed supplies, placing orders, verifying receipts of all orders.Assist in answering nurse phone and assisting callers.Conduct follow-up calls for clients who have missed appointments for their medication assisted treatment.Discuss and distribute client educational materials.Complete required trainings and mandatory training hours.Other duties as assigned.",https://www.linkedin.com/jobs/search/?currentJobId=3520029254&geoId=103644278&keywords=medical%20assistant&location=United%20States&refresh=true&start=25
42,Roper St. Francis Healthcare,Medical Assistant,"Provide patient care in outpatient physician practice under the direction of the practicing MD, APP or RN. Responsible for staging patients in preparation to see providers. Update all patient medications in the medication history at each visit. Perform patient related tasks as directed by practice providers. Facilitate the timely communication of clinical advice to patients electronically or by phone as directed by practice providers. Ensure all needed medical records are available to care teams and providers prior to patient’s office visit. Coordinate with other team members to provide exceptional patient service. Assist with other clinical and clerical duties to ensure optimization of patient experience within the practice. The Medical Assistant should be proficient with HPP (the practice management software) and eClinical Works (the EHR).",https://www.linkedin.com/jobs/search/?currentJobId=3525200389&geoId=103644278&keywords=medical%20assistant&location=United%20States&refresh=true
43,The US Oncology Network,Medical Assistant,"Performs phlebotomy and collects appropriate specimens from patients as ordered.Escorts patients to and from exam rooms, physician offices, and treatment room as appropriate.Records patient data prior to each physician visit, including but not limited to, vital signs, height, weight, allergies, and medication changes.Obtains all necessary patient records as required by physician and verifies presence of consent prior to treatment or procedures.Assists physicians with exams and procedures as requested.Assists with delegated patient education including but not limited to distributing education literature, etc.Maintains adequate inventory of supplies and ensures that all supplies are viable before using for patient collection.Sends specimens to reference laboratories for any testing not performed in house.Processes incoming orders for lab testing.Processes in-house and in-coming reports.Uses equipment effectively, skillfully and efficiently. Maintains equipment and work area as directed.Performs waived lab testing under CLIA guidelines for personnel. Records proper lot numbers of all controls, calibrator, and reagents for waived lab tests.Complies with regulatory agency standards. Adheres to all OSHA compliance laws and Universal Precaution procedures.Properly disposes of hazardous materials.Maintains a clean working environment and restocks the phlebotomy and laboratory area as needed.Maintains confidentially of all information related to patients and medical staff.Performs other administrative duties, i.e. typing, filing faxing reception, etc, as requested by supervisor or physician.",https://www.linkedin.com/jobs/search/?currentJobId=3506994275&geoId=103644278&keywords=medical%20assistant&location=United%20States&refresh=true
